{"$debtbalancenm":50000,"$debtyearscnm":3,"$debtfreedatecnm":"Jun. 2024","$interestcnm":3943.61,"$totalrealdebtcnm":53943.61,"$totalminpaynm":1500,"$realinterestcnm":7.310615659574879,"$debtyearsnm":1,"$debtfreedatenm":"May. 2022","$interestnm":2139.7999999999997,"$totalrealdebtnm":52139.8,"$interestsavednm":1803.8100000000004,"$yearssavednm":2,"$liquiditycnm":92919.09,"$passoncnm":2861806,"$debtmonthsnm":12,"$cashvaluegnm":70735.27,"$totalloannm":34139.799999999996}