{"$debtbalance":35000,"$debtyearsc":2,"$debtfreedatec":"Oct. 2023","$interestc":971.4899999999999,"$totalrealdebtc":35971.49,"$totalminpay":1530.83,"$realinterestc":2.7007221552401637,"$debtyears":0.75,"$debtfreedate":"Jun. 2022","$interest":482.9199999999999,"$totalrealdebt":35482.92,"$interestsaved":488.57,"$yearssaved":1.25,"$liquidityc":85396.99,"$passonc":2963228.49,"$debtmonths":9,"$cashvalueg":64643.600000000006,"$totalloan":23455.449999999997,"$deathbenefitc":2958636}