{"$debtbalancenm":5000,"$debtyearscnm":1.75,"$debtfreedatecnm":"Aug. 2023","$interestcnm":231.59000000000003,"$totalrealdebtcnm":5231.59,"$totalminpaynm":250,"$realinterestcnm":4.42676127142991,"$debtyearsnm":0.16666666666666666,"$debtfreedatenm":"Nov. 2021","$interestnm":40.709999999999994,"$totalrealdebtnm":5040.71,"$interestsavednm":190.88000000000005,"$yearssavednm":1.5833333333333333,"$liquiditycnm":82304.49999999999,"$passoncnm":2960136,"$debtmonthsnm":2,"$cashvaluegnm":64643.59999999999,"$totalloannm":4540.71}