{"$debtbalance":113700,"$debtyearsc":10.25,"$debtfreedatec":"Nov. 2031","$interestc":20411.119999999995,"$totalrealdebtc":134111.12,"$totalminpay":1865.02,"$realinterestc":15.219558229026791,"$debtyears":3.8333333333333335,"$debtfreedate":"May. 2025","$interest":12114.480000000001,"$totalrealdebt":125814.48,"$interestsaved":8296.639999999994,"$yearssaved":6.416666666666666,"$liquidityc":236509.9100000001,"$passonc":1008509.3200000001,"$debtmonths":46,"$cashvalueg":90734.87000000001,"$totalloan":74851.31999999999,"$deathbenefitc":885418}