{"$debtbalancenm":113700,"$debtyearscnm":10.25,"$debtfreedatecnm":"Nov. 2031","$interestcnm":20411.119999999995,"$totalrealdebtcnm":134111.12,"$totalminpaynm":1865.02,"$realinterestcnm":15.219558229026791,"$debtyearsnm":3.8333333333333335,"$debtfreedatenm":"May. 2025","$interestnm":12114.480000000001,"$totalrealdebtnm":125814.48,"$interestsavednm":8296.639999999994,"$yearssavednm":6.416666666666666,"$liquiditycnm":236509.9100000001,"$passoncnm":1008509.3200000001,"$debtmonthsnm":46,"$cashvaluegnm":90734.87000000001,"$totalloannm":74851.31999999999}