{"$debtbalance":50000,"$debtyearsc":0.9166666666666666,"$debtfreedatec":"Jun. 2022","$interestc":1179.74,"$totalrealdebtc":51179.74,"$totalminpay":5000,"$realinterestc":2.3050918195364027,"$debtyears":0.5833333333333334,"$debtfreedate":"Dec. 2021","$interest":1036.14,"$totalrealdebt":51036.14,"$interestsaved":143.5999999999999,"$yearssaved":0.33333333333333326,"$liquidityc":62358.5,"$passonc":4852536,"$debtmonths":7,"$cashvalueg":33886.8,"$totalloan":16036.140000000007,"$deathbenefitc":4832536}