{"$debtbalancenm":50000,"$debtyearscnm":0.9166666666666666,"$debtfreedatecnm":"Jun. 2022","$interestcnm":1179.74,"$totalrealdebtcnm":51179.74,"$totalminpaynm":5000,"$realinterestcnm":2.3050918195364027,"$debtyearsnm":0.5833333333333334,"$debtfreedatenm":"Dec. 2021","$interestnm":1036.14,"$totalrealdebtnm":51036.14,"$interestsavednm":143.5999999999999,"$yearssavednm":0.33333333333333326,"$liquiditycnm":62358.5,"$passoncnm":4852536,"$debtmonthsnm":7,"$cashvaluegnm":33886.8,"$totalloannm":16036.140000000007}