{"$debtbalance":464113,"$debtyearsc":29.833333333333332,"$debtfreedatec":"Apr. 2051","$interestc":180993.81999999995,"$totalrealdebtc":645106.82,"$totalminpay":3531.46,"$realinterestc":28.056410874713738,"$debtyears":11.916666666666666,"$debtfreedate":"Apr. 2033","$interest":109875.07999999999,"$totalrealdebt":573988.08,"$interestsaved":71118.73999999996,"$yearssaved":17.916666666666664,"$liquidityc":897576.4200000011,"$passonc":1224996.7600000012,"$debtmonths":143,"$cashvalueg":277334.93,"$totalloan":310446.55000000045,"$deathbenefitc":674089}