{"$debtbalancenm":55647,"$debtyearscnm":5,"$debtfreedatecnm":"Jun. 2026","$interestcnm":9713.16,"$totalrealdebtcnm":65360.16,"$totalminpaynm":1910.25,"$realinterestcnm":14.860979532485844,"$debtyearsnm":2.3333333333333335,"$debtfreedatenm":"Sep. 2023","$interestnm":6197.07,"$totalrealdebtnm":61844.07,"$interestsavednm":3516.09,"$yearssavednm":2.6666666666666665,"$liquiditycnm":86555.25,"$passoncnm":370131.5,"$debtmonthsnm":28,"$cashvaluegnm":23398.200000000004,"$totalloannm":30135.569999999992}