{"$debtbalance":366602.91000000003,"$debtyearsc":29,"$debtfreedatec":"Sep. 2050","$interestc":120928.95000000001,"$totalrealdebtc":487531.86000000004,"$totalminpay":2606.38,"$realinterestc":24.80431740399489,"$debtyears":11.333333333333334,"$debtfreedate":"Dec. 2032","$interest":72690.86,"$totalrealdebt":439293.77,"$interestsaved":48238.09000000001,"$yearssaved":17.666666666666664,"$liquidityc":604004.4200000004,"$passonc":886773.4200000004,"$debtmonths":136,"$cashvalueg":255927.19999999998,"$totalloan":237186.67000000007,"$deathbenefitc":602678}