{"$debtbalancenm":69960.45999999999,"$debtyearscnm":6.25,"$debtfreedatecnm":"Sep. 2027","$interestcnm":13430.839999999998,"$totalrealdebtcnm":83391.29999999999,"$totalminpaynm":1445.05,"$realinterestcnm":16.105804802179602,"$debtyearsnm":3.4166666666666665,"$debtfreedatenm":"Jan. 2025","$interestnm":8392.289999999999,"$totalrealdebtnm":78352.74999999999,"$interestsavednm":5038.549999999999,"$yearssavednm":2.8333333333333335,"$liquiditycnm":112761.30000000002,"$passoncnm":547373.55,"$debtmonthsnm":41,"$cashvaluegnm":54371.8,"$totalloannm":34186.53}